,note,diagnosis
0,"Name: Billy Perez
Age: 58
Symptoms: cough, sore throat, runny nose
Dx: Upper Respiratory Infection
Rx: Azithromycin
Plan: Follow up in 1 week if symptoms persist",Upper Respiratory Infection
1,"SOAP NOTE
Subjective: 26yo Dominique Zimmerman with cough, sore throat, runny nose, shortness of breath, body aches
Objective: Vitals stable
Assessment: Upper Respiratory Infection
Plan: Amoxicillin, Get plenty of sleep",Upper Respiratory Infection
2,"Patient Vanessa Kline (20y/o) presents with cough, sore throat, runny nose. Assessment: Upper Respiratory Infection. Prescribed Amoxicillin. Follow up in 1 week if symptoms persist",Upper Respiratory Infection
3,"SOAP NOTE
Subjective: 53yo Jason Brown with headache, nausea, dizziness, runny nose, shortness of breath
Objective: Vitals stable
Assessment: Migraine
Plan: Rizatriptan, Follow up in 1 week if symptoms persist",Migraine
4,"Saw Jennifer Miller today. 55 year old patient complaining of fever, body aches, fatigue. Diagnosed with Flu. Started on Tamiflu. Instructions: Avoid strenuous activity",Flu
5,"Patient Donna Golden (35y/o) presents with headache, nausea, dizziness. Assessment: Migraine. Prescribed Rizatriptan. Rest and hydration",Migraine
6,"Saw Mark Adkins today. 42 year old patient complaining of cough, sore throat, runny nose, dizziness. Diagnosed with Upper Respiratory Infection. Started on Azithromycin. Instructions: Get plenty of sleep",Upper Respiratory Infection
7,"Patient Michael Wong (69y/o) presents with cough, sore throat, runny nose, nausea, body aches. Assessment: Upper Respiratory Infection. Prescribed Amoxicillin. Avoid strenuous activity",Upper Respiratory Infection
8,"Patient Kevin Nelson (53y/o) presents with fever, body aches, fatigue, runny nose, nausea. Assessment: Flu. Prescribed Tamiflu. Rest and hydration",Flu
9,"SOAP NOTE
Subjective: 60yo Teresa Matthews with headache, nausea, dizziness, fever
Objective: Vitals stable
Assessment: Migraine
Plan: Sumatriptan, Rest and hydration",Migraine
10,"Saw Jason Carroll today. 35 year old patient complaining of fever, cough, shortness of breath, dizziness, nausea. Diagnosed with COVID-19. Started on Paxlovid. Instructions: Return if symptoms worsen",COVID-19
11,"Name: Brianna Bush
Age: 31
Symptoms: fever, body aches, fatigue, shortness of breath, dizziness
Dx: Flu
Rx: Tamiflu
Plan: Get plenty of sleep",Flu
12,"Saw Patricia Walker today. 52 year old patient complaining of headache, nausea, dizziness. Diagnosed with Migraine. Started on Rizatriptan. Instructions: Avoid strenuous activity",Migraine
13,"Name: Karen Perez
Age: 77
Symptoms: runny nose, cough, sore throat
Dx: Common Cold
Rx: Dextromethorphan
Plan: Rest and hydration",Common Cold
14,"Name: Maria Smith
Age: 70
Symptoms: cough, sore throat, runny nose, nausea
Dx: Upper Respiratory Infection
Rx: Azithromycin
Plan: Rest and hydration",Upper Respiratory Infection
15,"SOAP NOTE
Subjective: 76yo John Johnson with runny nose, cough, sore throat, fatigue, headache
Objective: Vitals stable
Assessment: Common Cold
Plan: Dextromethorphan, Avoid strenuous activity",Common Cold
16,"Saw Morgan Thompson today. 27 year old patient complaining of fever, body aches, fatigue. Diagnosed with Flu. Started on Tamiflu. Instructions: Get plenty of sleep",Flu
17,"Name: Carol Harris
Age: 65
Symptoms: runny nose, cough, sore throat, body aches
Dx: Common Cold
Rx: Dextromethorphan
Plan: Return if symptoms worsen",Common Cold
18,"Name: William Long
Age: 26
Symptoms: runny nose, cough, sore throat, fever
Dx: Common Cold
Rx: Acetaminophen
Plan: Rest and hydration",Common Cold
19,"SOAP NOTE
Subjective: 58yo Ashley Sanders with headache, nausea, dizziness, sore throat, body aches
Objective: Vitals stable
Assessment: Migraine
Plan: Sumatriptan, Avoid strenuous activity",Migraine
20,"Saw Danielle Reese today. 56 year old patient complaining of fever, cough, shortness of breath, nausea, body aches. Diagnosed with COVID-19. Started on Paxlovid. Instructions: Rest and hydration",COVID-19
21,"Name: William Davis
Age: 67
Symptoms: fever, body aches, fatigue
Dx: Flu
Rx: Ibuprofen
Plan: Avoid strenuous activity",Flu
22,"Patient Janice Bradley (47y/o) presents with cough, sore throat, runny nose, shortness of breath, fatigue. Assessment: Upper Respiratory Infection. Prescribed Amoxicillin. Get plenty of sleep",Upper Respiratory Infection
23,"Saw Ann James today. 73 year old patient complaining of fever, body aches, fatigue, runny nose, dizziness. Diagnosed with Flu. Started on Tamiflu. Instructions: Follow up in 1 week if symptoms persist",Flu
24,"Saw Ann Smith today. 66 year old patient complaining of headache, nausea, dizziness, shortness of breath, body aches. Diagnosed with Migraine. Started on Sumatriptan. Instructions: Get plenty of sleep",Migraine
25,"Name: Laura Murray
Age: 49
Symptoms: cough, sore throat, runny nose
Dx: Upper Respiratory Infection
Rx: Azithromycin
Plan: Return if symptoms worsen",Upper Respiratory Infection
26,"Name: Michael Mccann
Age: 21
Symptoms: headache, nausea, dizziness, fever, shortness of breath
Dx: Migraine
Rx: Rizatriptan
Plan: Rest and hydration",Migraine
27,"Name: Kenneth Patterson
Age: 26
Symptoms: fever, cough, shortness of breath, fatigue, nausea
Dx: COVID-19
Rx: Molnupiravir
Plan: Follow up in 1 week if symptoms persist",COVID-19
28,"SOAP NOTE
Subjective: 63yo Daniel Shelton with fever, body aches, fatigue, shortness of breath
Objective: Vitals stable
Assessment: Flu
Plan: Ibuprofen, Avoid strenuous activity",Flu
29,"Patient Joseph Thomas (25y/o) presents with headache, nausea, dizziness. Assessment: Migraine. Prescribed Sumatriptan. Return if symptoms worsen",Migraine
30,"Patient John Miller (55y/o) presents with runny nose, cough, sore throat. Assessment: Common Cold. Prescribed Acetaminophen. Rest and hydration",Common Cold
31,"Saw Sally Wade today. 63 year old patient complaining of cough, sore throat, runny nose. Diagnosed with Upper Respiratory Infection. Started on Amoxicillin. Instructions: Rest and hydration",Upper Respiratory Infection
32,"Name: Robert Smith
Age: 22
Symptoms: runny nose, cough, sore throat
Dx: Common Cold
Rx: Dextromethorphan
Plan: Avoid strenuous activity",Common Cold
33,"SOAP NOTE
Subjective: 52yo Thomas Moore with headache, nausea, dizziness, body aches, shortness of breath
Objective: Vitals stable
Assessment: Migraine
Plan: Rizatriptan, Follow up in 1 week if symptoms persist",Migraine
34,"SOAP NOTE
Subjective: 69yo Michael Hernandez with fever, cough, shortness of breath
Objective: Vitals stable
Assessment: COVID-19
Plan: Paxlovid, Rest and hydration",COVID-19
35,"Patient Tina Obrien (40y/o) presents with fever, cough, shortness of breath, sore throat. Assessment: COVID-19. Prescribed Paxlovid. Rest and hydration",COVID-19
36,"Name: Travis Rasmussen
Age: 43
Symptoms: fever, body aches, fatigue
Dx: Flu
Rx: Tamiflu
Plan: Follow up in 1 week if symptoms persist",Flu
37,"Saw Daryl Johnson today. 52 year old patient complaining of fever, cough, shortness of breath. Diagnosed with COVID-19. Started on Molnupiravir. Instructions: Follow up in 1 week if symptoms persist",COVID-19
38,"Patient Richard Vaughan (47y/o) presents with headache, nausea, dizziness. Assessment: Migraine. Prescribed Rizatriptan. Get plenty of sleep",Migraine
39,"Name: Tyler Barrett
Age: 21
Symptoms: runny nose, cough, sore throat
Dx: Common Cold
Rx: Acetaminophen
Plan: Follow up in 1 week if symptoms persist",Common Cold
40,"Name: Rachael Lamb
Age: 44
Symptoms: fever, cough, shortness of breath, fatigue
Dx: COVID-19
Rx: Molnupiravir
Plan: Rest and hydration",COVID-19
41,"SOAP NOTE
Subjective: 42yo Molly Stewart with cough, sore throat, runny nose, fatigue
Objective: Vitals stable
Assessment: Upper Respiratory Infection
Plan: Azithromycin, Return if symptoms worsen",Upper Respiratory Infection
42,"Saw Elizabeth Graham today. 62 year old patient complaining of runny nose, cough, sore throat, shortness of breath, nausea. Diagnosed with Common Cold. Started on Acetaminophen. Instructions: Follow up in 1 week if symptoms persist",Common Cold
43,"Patient Jeffery Hudson (31y/o) presents with cough, sore throat, runny nose, shortness of breath, body aches. Assessment: Upper Respiratory Infection. Prescribed Amoxicillin. Return if symptoms worsen",Upper Respiratory Infection
44,"Patient Lucas Hurley (21y/o) presents with runny nose, cough, sore throat, body aches. Assessment: Common Cold. Prescribed Acetaminophen. Rest and hydration",Common Cold
45,"SOAP NOTE
Subjective: 72yo Brittany Medina with headache, nausea, dizziness
Objective: Vitals stable
Assessment: Migraine
Plan: Sumatriptan, Follow up in 1 week if symptoms persist",Migraine
46,"Patient Alec Craig (25y/o) presents with runny nose, cough, sore throat. Assessment: Common Cold. Prescribed Acetaminophen. Get plenty of sleep",Common Cold
47,"Saw Crystal Nash today. 44 year old patient complaining of runny nose, cough, sore throat, body aches, fatigue. Diagnosed with Common Cold. Started on Dextromethorphan. Instructions: Follow up in 1 week if symptoms persist",Common Cold
48,"Saw Nicole Reyes today. 33 year old patient complaining of fever, body aches, fatigue, headache. Diagnosed with Flu. Started on Ibuprofen. Instructions: Avoid strenuous activity",Flu
49,"Patient Robert Colon (77y/o) presents with cough, sore throat, runny nose. Assessment: Upper Respiratory Infection. Prescribed Azithromycin. Get plenty of sleep",Upper Respiratory Infection
